<?xml version="1.0" encoding="UTF-8"?>
<project-private xmlns="http://www.netbeans.org/ns/project-private/1">
    <editor-bookmarks xmlns="http://www.netbeans.org/ns/editor-bookmarks/2" lastBookmarkId="0"/>
    <open-files xmlns="http://www.netbeans.org/ns/projectui-open-files/2">
        <group>
            <file>file:/C:/Users/Bruno/Documents/NetBeansProjects/ProjetoBSIBDProg3/src/DAO/AutomovelDAO.java</file>
            <file>file:/C:/Users/Bruno/Documents/NetBeansProjects/ProjetoBSIBDProg3/src/telas/jiCadVenda.java</file>
            <file>file:/C:/Users/Bruno/Documents/NetBeansProjects/ProjetoBSIBDProg3/src/telas/CadFornecedor.java</file>
            <file>file:/C:/Users/Bruno/Documents/NetBeansProjects/ProjetoBSIBDProg3/src/telas/jiCadCliente.java</file>
            <file>file:/C:/Users/Bruno/Documents/NetBeansProjects/ProjetoBSIBDProg3/src/DAO/ClienteDAO.java</file>
            <file>file:/C:/Users/Bruno/Documents/NetBeansProjects/ProjetoBSIBDProg3/src/Bean/AutomovelBean.java</file>
            <file>file:/C:/Users/Bruno/Documents/NetBeansProjects/ProjetoBSIBDProg3/src/Bean/ConcessionariaBean.java</file>
        </group>
    </open-files>
</project-private>
